{
  "artifact_version": 6,
  "cv": {
    "best_params": {
      "clf__C": 0.35849855803404745,
      "clf__class_weight": null,
      "clf__l1_ratio": 0.046450412719997725
    },
    "best_trial_number": 7,
    "best_value": 0.6705244526186945,
    "direction": "maximize",
    "metrics": {
      "average_precision": {
        "mean": 0.6705244526186945,
        "per_fold": [
          0.7334884641071486,
          0.6736757413783933,
          0.6969802374567011,
          0.607016746851528,
          0.6414610732997019
        ],
        "std": 0.048867715887405495
      },
      "f1": {
        "mean": 0.6125369939027558,
        "per_fold": [
          0.647887323943662,
          0.6183574879227053,
          0.6082949308755761,
          0.5665236051502146,
          0.6216216216216216
        ],
        "std": 0.029585813697812578
      },
      "neg_brier": {
        "mean": -0.1329539432346136,
        "per_fold": [
          -0.11838907403626847,
          -0.13352596333291972,
          -0.13091934616032946,
          -0.14883624414633437,
          -0.13309908849721594
        ],
        "std": 0.010826711832432742
      },
      "precision": {
        "mean": 0.6813660639910892,
        "per_fold": [
          0.7419354838709677,
          0.735632183908046,
          0.6804123711340206,
          0.5789473684210527,
          0.6699029126213593
        ],
        "std": 0.06564177207976134
      },
      "recall": {
        "mean": 0.5585574229691878,
        "per_fold": [
          0.575,
          0.5333333333333333,
          0.55,
          0.5546218487394958,
          0.5798319327731093
        ],
        "std": 0.019025877359270204
      },
      "roc_auc": {
        "mean": 0.8509550043582388,
        "per_fold": [
          0.8884441087613293,
          0.8450906344410876,
          0.8560926485397784,
          0.8161923379623753,
          0.8489552920866231
        ],
        "std": 0.025877891120251958
      }
    },
    "n_trials": 10
  },
  "direction": "maximize",
  "holdout": {
    "average_precision": 0.6613885564502461,
    "f1": 0.2569832402234637,
    "neg_brier": -0.13368103485733926,
    "precision": 0.7931034482758621,
    "recall": 0.15333333333333332,
    "roc_auc": 0.8468599033816425
  },
  "model_type": "lr",
  "primary_metric": "average_precision",
  "primary_value": 0.6613885564502461,
  "run_id": "run_20260123T050107Z_8776bae4",
  "threshold": 0.764501143502418
}
